[{"model": "wagtailimages.filter", "pk": 1, "fields": {"spec": "max-165x165"}}, {"model": "wagtailimages.filter", "pk": 2, "fields": {"spec": ""}}, {"model": "wagtailimages.filter", "pk": 3, "fields": {"spec": "max-1920x1080"}}, {"model": "wagtailimages.filter", "pk": 4, "fields": {"spec": "max-1080"}}, {"model": "wagtailimages.filter", "pk": 5, "fields": {"spec": "width-400"}}, {"model": "wagtailimages.filter", "pk": 6, "fields": {"spec": "width-900"}}, {"model": "wagtailimages.filter", "pk": 7, "fields": {"spec": "width-600"}}, {"model": "wagtailimages.rendition", "pk": 1, "fields": {"filter": 1, "file": "images/sawyer-bengtson-256255.max-165x165.jpg", "width": 165, "height": 110, "focal_point_key": "", "image": 1}}, {"model": "wagtailimages.rendition", "pk": 2, "fields": {"filter": 3, "file": "images/sawyer-bengtson-256255.max-1920x1080.jpg", "width": 1619, "height": 1080, "focal_point_key": "", "image": 1}}, {"model": "wagtailimages.rendition", "pk": 3, "fields": {"filter": 5, "file": "images/sawyer-bengtson-256255.width-400.jpg", "width": 400, "height": 266, "focal_point_key": "", "image": 1}}, {"model": "wagtailimages.rendition", "pk": 4, "fields": {"filter": 6, "file": "images/sawyer-bengtson-256255.width-900.jpg", "width": 900, "height": 600, "focal_point_key": "", "image": 1}}, {"model": "wagtailimages.rendition", "pk": 5, "fields": {"filter": 7, "file": "images/sawyer-bengtson-256255.width-600.jpg", "width": 600, "height": 400, "focal_point_key": "", "image": 1}}, {"model": "wagtailcore.site", "pk": 2, "fields": {"hostname": "localhost", "port": 80, "site_name": null, "root_page": 3, "is_default_site": true}}, {"model": "wagtailcore.collection", "pk": 1, "fields": {"path": "0001", "depth": 1, "numchild": 1, "name": "Root"}}, {"model": "wagtailcore.collection", "pk": 2, "fields": {"path": "00010001", "depth": 2, "numchild": 0, "name": "collection1"}}, {"model": "contenttypes.contenttype", "pk": 1, "fields": {"app_label": "wagtailcore", "model": "page"}}, {"model": "contenttypes.contenttype", "pk": 2, "fields": {"app_label": "home", "model": "homepage"}}, {"model": "contenttypes.contenttype", "pk": 3, "fields": {"app_label": "wagtailadmin", "model": "admin"}}, {"model": "contenttypes.contenttype", "pk": 4, "fields": {"app_label": "wagtaildocs", "model": "document"}}, {"model": "contenttypes.contenttype", "pk": 5, "fields": {"app_label": "wagtailimages", "model": "image"}}, {"model": "contenttypes.contenttype", "pk": 6, "fields": {"app_label": "wagtailforms", "model": "formsubmission"}}, {"model": "contenttypes.contenttype", "pk": 7, "fields": {"app_label": "wagtailredirects", "model": "redirect"}}, {"model": "contenttypes.contenttype", "pk": 8, "fields": {"app_label": "wagtailembeds", "model": "embed"}}, {"model": "contenttypes.contenttype", "pk": 9, "fields": {"app_label": "wagtailusers", "model": "userprofile"}}, {"model": "contenttypes.contenttype", "pk": 10, "fields": {"app_label": "wagtailimages", "model": "filter"}}, {"model": "contenttypes.contenttype", "pk": 11, "fields": {"app_label": "wagtailimages", "model": "rendition"}}, {"model": "contenttypes.contenttype", "pk": 12, "fields": {"app_label": "wagtailsearch", "model": "query"}}, {"model": "contenttypes.contenttype", "pk": 13, "fields": {"app_label": "wagtailsearch", "model": "querydailyhits"}}, {"model": "contenttypes.contenttype", "pk": 14, "fields": {"app_label": "wagtailcore", "model": "site"}}, {"model": "contenttypes.contenttype", "pk": 15, "fields": {"app_label": "wagtailcore", "model": "pagerevision"}}, {"model": "contenttypes.contenttype", "pk": 16, "fields": {"app_label": "wagtailcore", "model": "grouppagepermission"}}, {"model": "contenttypes.contenttype", "pk": 17, "fields": {"app_label": "wagtailcore", "model": "pageviewrestriction"}}, {"model": "contenttypes.contenttype", "pk": 18, "fields": {"app_label": "wagtailcore", "model": "collection"}}, {"model": "contenttypes.contenttype", "pk": 19, "fields": {"app_label": "wagtailcore", "model": "groupcollectionpermission"}}, {"model": "contenttypes.contenttype", "pk": 20, "fields": {"app_label": "taggit", "model": "tag"}}, {"model": "contenttypes.contenttype", "pk": 21, "fields": {"app_label": "taggit", "model": "taggeditem"}}, {"model": "contenttypes.contenttype", "pk": 22, "fields": {"app_label": "admin", "model": "logentry"}}, {"model": "contenttypes.contenttype", "pk": 23, "fields": {"app_label": "auth", "model": "permission"}}, {"model": "contenttypes.contenttype", "pk": 24, "fields": {"app_label": "auth", "model": "group"}}, {"model": "contenttypes.contenttype", "pk": 25, "fields": {"app_label": "auth", "model": "user"}}, {"model": "contenttypes.contenttype", "pk": 26, "fields": {"app_label": "contenttypes", "model": "contenttype"}}, {"model": "contenttypes.contenttype", "pk": 27, "fields": {"app_label": "sessions", "model": "session"}}, {"model": "contenttypes.contenttype", "pk": 28, "fields": {"app_label": "home", "model": "homeproductrelatedlink"}}, {"model": "contenttypes.contenttype", "pk": 29, "fields": {"app_label": "home", "model": "indexlink"}}, {"model": "contenttypes.contenttype", "pk": 30, "fields": {"app_label": "home", "model": "homepagesection"}}, {"model": "sessions.session", "pk": "hh2juwbeilu70wkw0rqqx9omxt5n7rjj", "fields": {"session_data": "YzQzNzAwYTU0OTcwODRiMzdjYjczY2ViMzcyODhjNDdhOTdkMGZhZTp7Il9hdXRoX3VzZXJfaGFzaCI6ImIzZTY4MWViMGVkOTkzODQwOWEyODRiMTZjNWRlOGE4NTIxMmRhNzYiLCJfYXV0aF91c2VyX2JhY2tlbmQiOiJkamFuZ28uY29udHJpYi5hdXRoLmJhY2tlbmRzLk1vZGVsQmFja2VuZCIsIl9hdXRoX3VzZXJfaWQiOiIxIn0=", "expire_date": "2018-02-17T19:19:58.858Z"}}, {"model": "sessions.session", "pk": "juaxrpj6rhlj23qz6s4nq5kyvxnyvskh", "fields": {"session_data": "YzQzNzAwYTU0OTcwODRiMzdjYjczY2ViMzcyODhjNDdhOTdkMGZhZTp7Il9hdXRoX3VzZXJfaGFzaCI6ImIzZTY4MWViMGVkOTkzODQwOWEyODRiMTZjNWRlOGE4NTIxMmRhNzYiLCJfYXV0aF91c2VyX2JhY2tlbmQiOiJkamFuZ28uY29udHJpYi5hdXRoLmJhY2tlbmRzLk1vZGVsQmFja2VuZCIsIl9hdXRoX3VzZXJfaWQiOiIxIn0=", "expire_date": "2018-02-18T23:52:21.092Z"}}, {"model": "sessions.session", "pk": "opeht5mvhuh0a3wrjqtq5o8e924zuviq", "fields": {"session_data": "YzQzNzAwYTU0OTcwODRiMzdjYjczY2ViMzcyODhjNDdhOTdkMGZhZTp7Il9hdXRoX3VzZXJfaGFzaCI6ImIzZTY4MWViMGVkOTkzODQwOWEyODRiMTZjNWRlOGE4NTIxMmRhNzYiLCJfYXV0aF91c2VyX2JhY2tlbmQiOiJkamFuZ28uY29udHJpYi5hdXRoLmJhY2tlbmRzLk1vZGVsQmFja2VuZCIsIl9hdXRoX3VzZXJfaWQiOiIxIn0=", "expire_date": "2018-02-17T19:20:44.743Z"}}, {"model": "sessions.session", "pk": "sx3gn7v34jelzd56t97nq3ge7wpq1cx8", "fields": {"session_data": "YzQzNzAwYTU0OTcwODRiMzdjYjczY2ViMzcyODhjNDdhOTdkMGZhZTp7Il9hdXRoX3VzZXJfaGFzaCI6ImIzZTY4MWViMGVkOTkzODQwOWEyODRiMTZjNWRlOGE4NTIxMmRhNzYiLCJfYXV0aF91c2VyX2JhY2tlbmQiOiJkamFuZ28uY29udHJpYi5hdXRoLmJhY2tlbmRzLk1vZGVsQmFja2VuZCIsIl9hdXRoX3VzZXJfaWQiOiIxIn0=", "expire_date": "2018-02-17T19:06:45.323Z"}}, {"model": "sessions.session", "pk": "xkkhcn2f5eiodk0f5nysms3er3hsjr1k", "fields": {"session_data": "YzQzNzAwYTU0OTcwODRiMzdjYjczY2ViMzcyODhjNDdhOTdkMGZhZTp7Il9hdXRoX3VzZXJfaGFzaCI6ImIzZTY4MWViMGVkOTkzODQwOWEyODRiMTZjNWRlOGE4NTIxMmRhNzYiLCJfYXV0aF91c2VyX2JhY2tlbmQiOiJkamFuZ28uY29udHJpYi5hdXRoLmJhY2tlbmRzLk1vZGVsQmFja2VuZCIsIl9hdXRoX3VzZXJfaWQiOiIxIn0=", "expire_date": "2018-02-16T20:19:14.178Z"}}, {"model": "auth.permission", "pk": 1, "fields": {"name": "Can access Wagtail admin", "content_type": 3, "codename": "access_admin"}}, {"model": "auth.permission", "pk": 2, "fields": {"name": "Can add document", "content_type": 4, "codename": "add_document"}}, {"model": "auth.permission", "pk": 3, "fields": {"name": "Can change document", "content_type": 4, "codename": "change_document"}}, {"model": "auth.permission", "pk": 4, "fields": {"name": "Can delete document", "content_type": 4, "codename": "delete_document"}}, {"model": "auth.permission", "pk": 5, "fields": {"name": "Can add image", "content_type": 5, "codename": "add_image"}}, {"model": "auth.permission", "pk": 6, "fields": {"name": "Can change image", "content_type": 5, "codename": "change_image"}}, {"model": "auth.permission", "pk": 7, "fields": {"name": "Can delete image", "content_type": 5, "codename": "delete_image"}}, {"model": "auth.permission", "pk": 8, "fields": {"name": "Can add home page", "content_type": 2, "codename": "add_homepage"}}, {"model": "auth.permission", "pk": 9, "fields": {"name": "Can change home page", "content_type": 2, "codename": "change_homepage"}}, {"model": "auth.permission", "pk": 10, "fields": {"name": "Can delete home page", "content_type": 2, "codename": "delete_homepage"}}, {"model": "auth.permission", "pk": 11, "fields": {"name": "Can add form submission", "content_type": 6, "codename": "add_formsubmission"}}, {"model": "auth.permission", "pk": 12, "fields": {"name": "Can change form submission", "content_type": 6, "codename": "change_formsubmission"}}, {"model": "auth.permission", "pk": 13, "fields": {"name": "Can delete form submission", "content_type": 6, "codename": "delete_formsubmission"}}, {"model": "auth.permission", "pk": 14, "fields": {"name": "Can add redirect", "content_type": 7, "codename": "add_redirect"}}, {"model": "auth.permission", "pk": 15, "fields": {"name": "Can change redirect", "content_type": 7, "codename": "change_redirect"}}, {"model": "auth.permission", "pk": 16, "fields": {"name": "Can delete redirect", "content_type": 7, "codename": "delete_redirect"}}, {"model": "auth.permission", "pk": 17, "fields": {"name": "Can add embed", "content_type": 8, "codename": "add_embed"}}, {"model": "auth.permission", "pk": 18, "fields": {"name": "Can change embed", "content_type": 8, "codename": "change_embed"}}, {"model": "auth.permission", "pk": 19, "fields": {"name": "Can delete embed", "content_type": 8, "codename": "delete_embed"}}, {"model": "auth.permission", "pk": 20, "fields": {"name": "Can add user profile", "content_type": 9, "codename": "add_userprofile"}}, {"model": "auth.permission", "pk": 21, "fields": {"name": "Can change user profile", "content_type": 9, "codename": "change_userprofile"}}, {"model": "auth.permission", "pk": 22, "fields": {"name": "Can delete user profile", "content_type": 9, "codename": "delete_userprofile"}}, {"model": "auth.permission", "pk": 23, "fields": {"name": "Can add filter", "content_type": 10, "codename": "add_filter"}}, {"model": "auth.permission", "pk": 24, "fields": {"name": "Can change filter", "content_type": 10, "codename": "change_filter"}}, {"model": "auth.permission", "pk": 25, "fields": {"name": "Can delete filter", "content_type": 10, "codename": "delete_filter"}}, {"model": "auth.permission", "pk": 26, "fields": {"name": "Can add rendition", "content_type": 11, "codename": "add_rendition"}}, {"model": "auth.permission", "pk": 27, "fields": {"name": "Can change rendition", "content_type": 11, "codename": "change_rendition"}}, {"model": "auth.permission", "pk": 28, "fields": {"name": "Can delete rendition", "content_type": 11, "codename": "delete_rendition"}}, {"model": "auth.permission", "pk": 29, "fields": {"name": "Can add query", "content_type": 12, "codename": "add_query"}}, {"model": "auth.permission", "pk": 30, "fields": {"name": "Can change query", "content_type": 12, "codename": "change_query"}}, {"model": "auth.permission", "pk": 31, "fields": {"name": "Can delete query", "content_type": 12, "codename": "delete_query"}}, {"model": "auth.permission", "pk": 32, "fields": {"name": "Can add Query Daily Hits", "content_type": 13, "codename": "add_querydailyhits"}}, {"model": "auth.permission", "pk": 33, "fields": {"name": "Can change Query Daily Hits", "content_type": 13, "codename": "change_querydailyhits"}}, {"model": "auth.permission", "pk": 34, "fields": {"name": "Can delete Query Daily Hits", "content_type": 13, "codename": "delete_querydailyhits"}}, {"model": "auth.permission", "pk": 35, "fields": {"name": "Can add site", "content_type": 14, "codename": "add_site"}}, {"model": "auth.permission", "pk": 36, "fields": {"name": "Can change site", "content_type": 14, "codename": "change_site"}}, {"model": "auth.permission", "pk": 37, "fields": {"name": "Can delete site", "content_type": 14, "codename": "delete_site"}}, {"model": "auth.permission", "pk": 38, "fields": {"name": "Can add page", "content_type": 1, "codename": "add_page"}}, {"model": "auth.permission", "pk": 39, "fields": {"name": "Can change page", "content_type": 1, "codename": "change_page"}}, {"model": "auth.permission", "pk": 40, "fields": {"name": "Can delete page", "content_type": 1, "codename": "delete_page"}}, {"model": "auth.permission", "pk": 41, "fields": {"name": "Can add page revision", "content_type": 15, "codename": "add_pagerevision"}}, {"model": "auth.permission", "pk": 42, "fields": {"name": "Can change page revision", "content_type": 15, "codename": "change_pagerevision"}}, {"model": "auth.permission", "pk": 43, "fields": {"name": "Can delete page revision", "content_type": 15, "codename": "delete_pagerevision"}}, {"model": "auth.permission", "pk": 44, "fields": {"name": "Can add group page permission", "content_type": 16, "codename": "add_grouppagepermission"}}, {"model": "auth.permission", "pk": 45, "fields": {"name": "Can change group page permission", "content_type": 16, "codename": "change_grouppagepermission"}}, {"model": "auth.permission", "pk": 46, "fields": {"name": "Can delete group page permission", "content_type": 16, "codename": "delete_grouppagepermission"}}, {"model": "auth.permission", "pk": 47, "fields": {"name": "Can add page view restriction", "content_type": 17, "codename": "add_pageviewrestriction"}}, {"model": "auth.permission", "pk": 48, "fields": {"name": "Can change page view restriction", "content_type": 17, "codename": "change_pageviewrestriction"}}, {"model": "auth.permission", "pk": 49, "fields": {"name": "Can delete page view restriction", "content_type": 17, "codename": "delete_pageviewrestriction"}}, {"model": "auth.permission", "pk": 50, "fields": {"name": "Can add collection", "content_type": 18, "codename": "add_collection"}}, {"model": "auth.permission", "pk": 51, "fields": {"name": "Can change collection", "content_type": 18, "codename": "change_collection"}}, {"model": "auth.permission", "pk": 52, "fields": {"name": "Can delete collection", "content_type": 18, "codename": "delete_collection"}}, {"model": "auth.permission", "pk": 53, "fields": {"name": "Can add group collection permission", "content_type": 19, "codename": "add_groupcollectionpermission"}}, {"model": "auth.permission", "pk": 54, "fields": {"name": "Can change group collection permission", "content_type": 19, "codename": "change_groupcollectionpermission"}}, {"model": "auth.permission", "pk": 55, "fields": {"name": "Can delete group collection permission", "content_type": 19, "codename": "delete_groupcollectionpermission"}}, {"model": "auth.permission", "pk": 56, "fields": {"name": "Can add Tag", "content_type": 20, "codename": "add_tag"}}, {"model": "auth.permission", "pk": 57, "fields": {"name": "Can change Tag", "content_type": 20, "codename": "change_tag"}}, {"model": "auth.permission", "pk": 58, "fields": {"name": "Can delete Tag", "content_type": 20, "codename": "delete_tag"}}, {"model": "auth.permission", "pk": 59, "fields": {"name": "Can add Tagged Item", "content_type": 21, "codename": "add_taggeditem"}}, {"model": "auth.permission", "pk": 60, "fields": {"name": "Can change Tagged Item", "content_type": 21, "codename": "change_taggeditem"}}, {"model": "auth.permission", "pk": 61, "fields": {"name": "Can delete Tagged Item", "content_type": 21, "codename": "delete_taggeditem"}}, {"model": "auth.permission", "pk": 62, "fields": {"name": "Can add log entry", "content_type": 22, "codename": "add_logentry"}}, {"model": "auth.permission", "pk": 63, "fields": {"name": "Can change log entry", "content_type": 22, "codename": "change_logentry"}}, {"model": "auth.permission", "pk": 64, "fields": {"name": "Can delete log entry", "content_type": 22, "codename": "delete_logentry"}}, {"model": "auth.permission", "pk": 65, "fields": {"name": "Can add permission", "content_type": 23, "codename": "add_permission"}}, {"model": "auth.permission", "pk": 66, "fields": {"name": "Can change permission", "content_type": 23, "codename": "change_permission"}}, {"model": "auth.permission", "pk": 67, "fields": {"name": "Can delete permission", "content_type": 23, "codename": "delete_permission"}}, {"model": "auth.permission", "pk": 68, "fields": {"name": "Can add group", "content_type": 24, "codename": "add_group"}}, {"model": "auth.permission", "pk": 69, "fields": {"name": "Can change group", "content_type": 24, "codename": "change_group"}}, {"model": "auth.permission", "pk": 70, "fields": {"name": "Can delete group", "content_type": 24, "codename": "delete_group"}}, {"model": "auth.permission", "pk": 71, "fields": {"name": "Can add user", "content_type": 25, "codename": "add_user"}}, {"model": "auth.permission", "pk": 72, "fields": {"name": "Can change user", "content_type": 25, "codename": "change_user"}}, {"model": "auth.permission", "pk": 73, "fields": {"name": "Can delete user", "content_type": 25, "codename": "delete_user"}}, {"model": "auth.permission", "pk": 74, "fields": {"name": "Can add content type", "content_type": 26, "codename": "add_contenttype"}}, {"model": "auth.permission", "pk": 75, "fields": {"name": "Can change content type", "content_type": 26, "codename": "change_contenttype"}}, {"model": "auth.permission", "pk": 76, "fields": {"name": "Can delete content type", "content_type": 26, "codename": "delete_contenttype"}}, {"model": "auth.permission", "pk": 77, "fields": {"name": "Can add session", "content_type": 27, "codename": "add_session"}}, {"model": "auth.permission", "pk": 78, "fields": {"name": "Can change session", "content_type": 27, "codename": "change_session"}}, {"model": "auth.permission", "pk": 79, "fields": {"name": "Can delete session", "content_type": 27, "codename": "delete_session"}}, {"model": "auth.permission", "pk": 80, "fields": {"name": "Can add home product related link", "content_type": 28, "codename": "add_homeproductrelatedlink"}}, {"model": "auth.permission", "pk": 81, "fields": {"name": "Can change home product related link", "content_type": 28, "codename": "change_homeproductrelatedlink"}}, {"model": "auth.permission", "pk": 82, "fields": {"name": "Can delete home product related link", "content_type": 28, "codename": "delete_homeproductrelatedlink"}}, {"model": "auth.permission", "pk": 83, "fields": {"name": "Can add index link", "content_type": 29, "codename": "add_indexlink"}}, {"model": "auth.permission", "pk": 84, "fields": {"name": "Can change index link", "content_type": 29, "codename": "change_indexlink"}}, {"model": "auth.permission", "pk": 85, "fields": {"name": "Can delete index link", "content_type": 29, "codename": "delete_indexlink"}}, {"model": "auth.permission", "pk": 86, "fields": {"name": "Can add home page section", "content_type": 30, "codename": "add_homepagesection"}}, {"model": "auth.permission", "pk": 87, "fields": {"name": "Can change home page section", "content_type": 30, "codename": "change_homepagesection"}}, {"model": "auth.permission", "pk": 88, "fields": {"name": "Can delete home page section", "content_type": 30, "codename": "delete_homepagesection"}}, {"model": "auth.group", "pk": 1, "fields": {"name": "Moderators", "permissions": [1, 2, 3, 4, 5, 6, 7]}}, {"model": "auth.group", "pk": 2, "fields": {"name": "Editors", "permissions": [1, 2, 3, 4, 5, 6, 7]}}, {"model": "auth.user", "pk": 1, "fields": {"password": "pbkdf2_sha256$24000$taXlS9TuHZ8p$bDLBQL4vPv3UGDmBWLYROkAAAiYsQN2ts+joTyR6hRU=", "last_login": "2018-02-04T23:52:21.071Z", "is_superuser": true, "username": "admin", "first_name": "", "last_name": "", "email": "", "is_staff": true, "is_active": true, "date_joined": "2018-02-02T20:18:14.386Z", "groups": [], "user_permissions": []}}, {"model": "wagtailcore.groupcollectionpermission", "pk": 1, "fields": {"group": 2, "collection": 1, "permission": 2}}, {"model": "wagtailcore.groupcollectionpermission", "pk": 2, "fields": {"group": 1, "collection": 1, "permission": 2}}, {"model": "wagtailcore.groupcollectionpermission", "pk": 3, "fields": {"group": 2, "collection": 1, "permission": 3}}, {"model": "wagtailcore.groupcollectionpermission", "pk": 4, "fields": {"group": 1, "collection": 1, "permission": 3}}, {"model": "wagtailcore.groupcollectionpermission", "pk": 5, "fields": {"group": 2, "collection": 1, "permission": 5}}, {"model": "wagtailcore.groupcollectionpermission", "pk": 6, "fields": {"group": 1, "collection": 1, "permission": 5}}, {"model": "wagtailcore.groupcollectionpermission", "pk": 7, "fields": {"group": 2, "collection": 1, "permission": 6}}, {"model": "wagtailcore.groupcollectionpermission", "pk": 8, "fields": {"group": 1, "collection": 1, "permission": 6}}, {"model": "wagtailcore.grouppagepermission", "pk": 1, "fields": {"group": 1, "page": 1, "permission_type": "add"}}, {"model": "wagtailcore.grouppagepermission", "pk": 2, "fields": {"group": 1, "page": 1, "permission_type": "edit"}}, {"model": "wagtailcore.grouppagepermission", "pk": 3, "fields": {"group": 1, "page": 1, "permission_type": "publish"}}, {"model": "wagtailcore.grouppagepermission", "pk": 4, "fields": {"group": 2, "page": 1, "permission_type": "add"}}, {"model": "wagtailcore.grouppagepermission", "pk": 5, "fields": {"group": 2, "page": 1, "permission_type": "edit"}}, {"model": "wagtailcore.grouppagepermission", "pk": 6, "fields": {"group": 1, "page": 1, "permission_type": "lock"}}, {"model": "wagtailcore.pagerevision", "pk": 1, "fields": {"page": 4, "submitted_for_moderation": false, "created_at": "2018-02-03T20:06:59.963Z", "user": 1, "content_json": "{\"orientation\": \"left\", \"sectionBackgroundSelector\": null, \"search_description\": \"\", \"owner\": 1, \"latest_revision_created_at\": null, \"go_live_at\": null, \"related_links\": [], \"title\": \"Section1\", \"seo_title\": \"\", \"streamBody\": \"[]\", \"slug\": \"section1\", \"live\": true, \"has_unpublished_changes\": false, \"body\": \"<p>stop relying on that body</p>\", \"link_page\": null, \"sectionClassName\": \"home-page-section\", \"numchild\": 0, \"button_text\": \"button\", \"content_type\": 30, \"show_in_menus\": false, \"path\": \"000100010001\", \"url_path\": \"/home/section1/\", \"expired\": false, \"pk\": 4, \"main_image\": null, \"locked\": false, \"depth\": 3, \"first_published_at\": null, \"expire_at\": null}", "approved_go_live_at": null}}, {"model": "wagtailcore.pagerevision", "pk": 2, "fields": {"page": 5, "submitted_for_moderation": false, "created_at": "2018-02-03T20:07:14.660Z", "user": 1, "content_json": "{\"orientation\": \"left\", \"sectionBackgroundSelector\": null, \"search_description\": \"\", \"owner\": 1, \"latest_revision_created_at\": null, \"go_live_at\": null, \"related_links\": [], \"title\": \"Section2\", \"seo_title\": \"\", \"streamBody\": \"[]\", \"slug\": \"section2\", \"live\": true, \"has_unpublished_changes\": false, \"body\": \"\", \"link_page\": null, \"sectionClassName\": \"home-page-section\", \"numchild\": 0, \"button_text\": \"button\", \"content_type\": 30, \"show_in_menus\": false, \"path\": \"000100010002\", \"url_path\": \"/home/section2/\", \"expired\": false, \"pk\": 5, \"main_image\": null, \"locked\": false, \"depth\": 3, \"first_published_at\": null, \"expire_at\": null}", "approved_go_live_at": null}}, {"model": "wagtailcore.pagerevision", "pk": 3, "fields": {"page": 6, "submitted_for_moderation": false, "created_at": "2018-02-03T20:07:46.309Z", "user": 1, "content_json": "{\"orientation\": \"left\", \"sectionBackgroundSelector\": null, \"search_description\": \"\", \"owner\": 1, \"latest_revision_created_at\": null, \"go_live_at\": null, \"related_links\": [], \"title\": \"Section3\", \"seo_title\": \"\", \"streamBody\": \"[]\", \"slug\": \"section3\", \"live\": true, \"has_unpublished_changes\": false, \"body\": \"\", \"link_page\": null, \"sectionClassName\": \"home-page-section\", \"numchild\": 0, \"button_text\": \"button\", \"content_type\": 30, \"show_in_menus\": false, \"path\": \"000100010003\", \"url_path\": \"/home/section3/\", \"expired\": false, \"pk\": 6, \"main_image\": null, \"locked\": false, \"depth\": 3, \"first_published_at\": null, \"expire_at\": null}", "approved_go_live_at": null}}, {"model": "wagtailcore.pagerevision", "pk": 4, "fields": {"page": 3, "submitted_for_moderation": false, "created_at": "2018-02-05T02:46:28.267Z", "user": 1, "content_json": "{\"search_description\": \"\", \"owner\": null, \"intro\": \"Web Developer, Designer, Illustrator\", \"latest_revision_created_at\": null, \"go_live_at\": null, \"title\": \"Homepage\", \"seo_title\": \"\", \"slug\": \"home\", \"live\": true, \"has_unpublished_changes\": false, \"body\": \"<p>Body of the homepage</p>\", \"numchild\": 3, \"content_type\": 2, \"show_in_menus\": false, \"path\": \"00010001\", \"url_path\": \"/home/\", \"expired\": false, \"pk\": 3, \"main_image\": null, \"locked\": false, \"depth\": 2, \"first_published_at\": null, \"heading\": \"Omar Rahman\", \"expire_at\": null}", "approved_go_live_at": null}}, {"model": "wagtailcore.pagerevision", "pk": 5, "fields": {"page": 5, "submitted_for_moderation": false, "created_at": "2018-02-05T03:14:24.043Z", "user": 1, "content_json": "{\"orientation\": \"left\", \"sectionBackgroundSelector\": null, \"search_description\": \"\", \"owner\": 1, \"latest_revision_created_at\": \"2018-02-03T20:07:14.660Z\", \"go_live_at\": null, \"related_links\": [], \"title\": \"Section2\", \"seo_title\": \"\", \"streamBody\": \"[]\", \"slug\": \"section2\", \"live\": true, \"has_unpublished_changes\": false, \"body\": \"<p><p>Vestibulum metus dolor, elementum a malesuada eu, tincidunt et dolor. Vivamus nec justo sodales, vestibulum sapien quis, blandit massa. In magna sapien, molestie nec purus scelerisque, rhoncus consequat sem. Etiam magna ex, condimentum eu purus at, accumsan rutrum ligula. Donec dapibus magna at consectetur fermentum. Proin ullamcorper metus neque, vel blandit risus aliquam a. Vestibulum vitae pellentesque nibh, vitae tincidunt turpis. Aenean venenatis maximus velit ac pellentesque. Curabitur non sodales diam. Curabitur ultrices quis lacus in maximus.</p><p>Integer scelerisque arcu at nulla vulputate interdum. In finibus turpis sed tempus congue. Vivamus feugiat faucibus massa quis consectetur. Suspendisse pulvinar auctor eros et aliquet. Nulla scelerisque neque in odio lacinia vulputate. Vivamus consectetur orci tempus, condimentum arcu sed, posuere mi. Ut interdum neque sit amet mi ultricies, vel aliquam elit lobortis. Sed viverra tellus et vehicula aliquet. Vestibulum fringilla lorem massa, id laoreet enim semper eu. Fusce semper mi et sapien sagittis, et tempus augue congue. Aliquam erat volutpat. Mauris lacinia sed justo id porttitor. Mauris vitae urna id nulla iaculis aliquam at a velit. Nullam dignissim velit id risus vehicula auctor. Cras posuere laoreet eros. Integer aliquam sodales laoreet.</p><p><br/></p></p>\", \"link_page\": null, \"sectionClassName\": \"home-page-section\", \"numchild\": 0, \"button_text\": \"button\", \"content_type\": 30, \"show_in_menus\": false, \"path\": \"000100010002\", \"url_path\": \"/home/section2/\", \"expired\": false, \"pk\": 5, \"main_image\": null, \"locked\": false, \"depth\": 3, \"first_published_at\": \"2018-02-03T20:07:14.773Z\", \"expire_at\": null}", "approved_go_live_at": null}}, {"model": "wagtailcore.pagerevision", "pk": 6, "fields": {"page": 4, "submitted_for_moderation": false, "created_at": "2018-02-06T01:23:42.156Z", "user": 1, "content_json": "{\"orientation\": \"right\", \"sectionBackgroundSelector\": null, \"search_description\": \"\", \"owner\": 1, \"latest_revision_created_at\": \"2018-02-03T20:06:59.963Z\", \"go_live_at\": null, \"related_links\": [], \"title\": \"Section1\", \"seo_title\": \"\", \"streamBody\": \"[]\", \"slug\": \"section1\", \"live\": true, \"has_unpublished_changes\": false, \"body\": \"<p>stop relying on that body</p>\", \"link_page\": null, \"sectionClassName\": \"home-page-section\", \"numchild\": 0, \"button_text\": \"button\", \"content_type\": 30, \"show_in_menus\": false, \"path\": \"000100010001\", \"url_path\": \"/home/section1/\", \"expired\": false, \"pk\": 4, \"main_image\": null, \"locked\": false, \"depth\": 3, \"first_published_at\": \"2018-02-03T20:07:00.142Z\", \"expire_at\": null}", "approved_go_live_at": null}}, {"model": "wagtailcore.pagerevision", "pk": 7, "fields": {"page": 4, "submitted_for_moderation": false, "created_at": "2018-02-06T01:24:33.344Z", "user": 1, "content_json": "{\"orientation\": \"right\", \"sectionBackgroundSelector\": null, \"search_description\": \"\", \"owner\": 1, \"latest_revision_created_at\": \"2018-02-06T01:23:42.156Z\", \"go_live_at\": null, \"related_links\": [], \"title\": \"Section1\", \"seo_title\": \"\", \"streamBody\": \"[]\", \"slug\": \"section1\", \"live\": true, \"has_unpublished_changes\": false, \"body\": \"<p>Integer scelerisque arcu at nulla vulputate interdum. In finibus turpis sed tempus congue. Vivamus feugiat faucibus massa quis consectetur. Suspendisse pulvinar auctor eros et aliquet. Nulla scelerisque neque in odio lacinia vulputate. Vivamus consectetur orci tempus, condimentum arcu sed, posuere mi. Ut interdum neque sit amet mi ultricies, vel aliquam elit lobortis. Sed viverra tellus et vehicula aliquet. Vestibulum fringilla lorem massa, id laoreet enim semper eu. Fusce semper mi et sapien sagittis, et tempus augue congue. Aliquam erat volutpat. Mauris lacinia sed justo id porttitor. Mauris vitae urna id nulla iaculis aliquam at a velit. Nullam dignissim velit id risus vehicula auctor. Cras posuere laoreet eros. Integer aliquam sodales laoreet.</p>\", \"link_page\": null, \"sectionClassName\": \"home-page-section\", \"numchild\": 0, \"button_text\": \"button\", \"content_type\": 30, \"show_in_menus\": false, \"path\": \"000100010001\", \"url_path\": \"/home/section1/\", \"expired\": false, \"pk\": 4, \"main_image\": null, \"locked\": false, \"depth\": 3, \"first_published_at\": \"2018-02-03T20:07:00.142Z\", \"expire_at\": null}", "approved_go_live_at": null}}, {"model": "wagtailcore.pagerevision", "pk": 8, "fields": {"page": 4, "submitted_for_moderation": false, "created_at": "2018-02-06T01:46:51.866Z", "user": 1, "content_json": "{\"orientation\": \"right\", \"sectionBackgroundSelector\": null, \"search_description\": \"\", \"owner\": 1, \"latest_revision_created_at\": \"2018-02-06T01:24:33.344Z\", \"go_live_at\": null, \"related_links\": [], \"title\": \"Web Development\", \"seo_title\": \"\", \"streamBody\": \"[]\", \"slug\": \"section1\", \"live\": true, \"has_unpublished_changes\": false, \"body\": \"<p>Integer scelerisque arcu at nulla vulputate interdum. In finibus turpis sed tempus congue. Vivamus feugiat faucibus massa quis consectetur. Suspendisse pulvinar auctor eros et aliquet. Nulla scelerisque neque in odio lacinia vulputate. Vivamus consectetur orci tempus, condimentum arcu sed, posuere mi. Ut interdum neque sit amet mi ultricies, vel aliquam elit lobortis. Sed viverra tellus et vehicula aliquet. Vestibulum fringilla lorem massa, id laoreet enim semper eu. Fusce semper mi et sapien sagittis, et tempus augue congue. Aliquam erat volutpat. Mauris lacinia sed justo id porttitor. Mauris vitae urna id nulla iaculis aliquam at a velit. Nullam dignissim velit id risus vehicula auctor. Cras posuere laoreet eros. Integer aliquam sodales laoreet.</p>\", \"link_page\": null, \"sectionClassName\": \"web-dev-section\", \"numchild\": 0, \"button_text\": \"button\", \"content_type\": 30, \"show_in_menus\": false, \"path\": \"000100010001\", \"url_path\": \"/home/section1/\", \"expired\": false, \"pk\": 4, \"main_image\": null, \"locked\": false, \"depth\": 3, \"first_published_at\": \"2018-02-03T20:07:00.142Z\", \"expire_at\": null}", "approved_go_live_at": null}}, {"model": "wagtailcore.pagerevision", "pk": 9, "fields": {"page": 6, "submitted_for_moderation": false, "created_at": "2018-02-06T01:53:49.820Z", "user": 1, "content_json": "{\"orientation\": \"right\", \"sectionBackgroundSelector\": null, \"search_description\": \"\", \"owner\": 1, \"latest_revision_created_at\": \"2018-02-03T20:07:46.309Z\", \"go_live_at\": null, \"related_links\": [], \"title\": \"Design\", \"seo_title\": \"\", \"streamBody\": \"[]\", \"slug\": \"section3\", \"live\": true, \"has_unpublished_changes\": false, \"body\": \"\", \"link_page\": null, \"sectionClassName\": \"design-section\", \"numchild\": 0, \"button_text\": \"button\", \"content_type\": 30, \"show_in_menus\": false, \"path\": \"000100010003\", \"url_path\": \"/home/section3/\", \"expired\": false, \"pk\": 6, \"main_image\": null, \"locked\": false, \"depth\": 3, \"first_published_at\": \"2018-02-03T20:07:46.430Z\", \"expire_at\": null}", "approved_go_live_at": null}}, {"model": "wagtailcore.pagerevision", "pk": 10, "fields": {"page": 6, "submitted_for_moderation": false, "created_at": "2018-02-06T01:54:35.390Z", "user": 1, "content_json": "{\"orientation\": \"right\", \"sectionBackgroundSelector\": null, \"search_description\": \"\", \"owner\": 1, \"latest_revision_created_at\": \"2018-02-06T01:53:49.820Z\", \"go_live_at\": null, \"related_links\": [], \"title\": \"Design\", \"seo_title\": \"\", \"streamBody\": \"[]\", \"slug\": \"section3\", \"live\": true, \"has_unpublished_changes\": false, \"body\": \"<p>Integer scelerisque arcu at nulla vulputate interdum. In finibus turpis sed tempus congue. Vivamus feugiat faucibus massa quis consectetur. Suspendisse pulvinar auctor eros et aliquet. Nulla scelerisque neque in odio lacinia vulputate. Vivamus consectetur orci tempus, condimentum arcu sed, posuere mi. Ut interdum neque sit amet mi ultricies, vel aliquam elit lobortis. Sed viverra tellus et vehicula aliquet. Vestibulum fringilla lorem massa, id laoreet enim semper eu. Fusce semper mi et sapien sagittis, et tempus augue congue. Aliquam erat volutpat. Mauris lacinia sed justo id porttitor. Mauris vitae urna id nulla iaculis aliquam at a velit. Nullam dignissim velit id risus vehicula auctor. Cras posuere laoreet eros. Integer aliquam sodales laoreet.</p>\", \"link_page\": null, \"sectionClassName\": \"design-section\", \"numchild\": 0, \"button_text\": \"button\", \"content_type\": 30, \"show_in_menus\": false, \"path\": \"000100010003\", \"url_path\": \"/home/section3/\", \"expired\": false, \"pk\": 6, \"main_image\": null, \"locked\": false, \"depth\": 3, \"first_published_at\": \"2018-02-03T20:07:46.430Z\", \"expire_at\": null}", "approved_go_live_at": null}}, {"model": "wagtailcore.pagerevision", "pk": 11, "fields": {"page": 4, "submitted_for_moderation": false, "created_at": "2018-02-06T03:34:58.201Z", "user": 1, "content_json": "{\"orientation\": \"right\", \"sectionBackgroundSelector\": null, \"search_description\": \"\", \"owner\": 1, \"latest_revision_created_at\": \"2018-02-06T01:46:51.866Z\", \"go_live_at\": null, \"related_links\": [], \"title\": \"Web Development\", \"seo_title\": \"\", \"streamBody\": \"[]\", \"slug\": \"section1\", \"live\": true, \"has_unpublished_changes\": false, \"body\": \"<p>Integer scelerisque arcu at nulla vulputate interdum. In finibus turpis sed tempus congue. Vivamus feugiat faucibus massa quis consectetur. Suspendisse pulvinar auctor eros et aliquet. Nulla scelerisque neque in odio lacinia vulputate. Vivamus consectetur orci tempus, condimentum arcu sed, posuere mi. Ut interdum neque sit amet mi ultricies, vel aliquam elit lobortis. Sed viverra tellus et vehicula aliquet. Vestibulum fringilla lorem massa, id laoreet enim semper eu. Fusce semper mi et sapien sagittis, et tempus augue congue. Aliquam erat volutpat. Mauris lacinia sed justo id porttitor. Mauris vitae urna id nulla iaculis aliquam at a velit. Nullam dignissim velit id risus vehicula auctor. Cras posuere laoreet eros. Integer aliquam sodales laoreet.</p>\", \"link_page\": null, \"sectionClassName\": \"web-dev-section\", \"numchild\": 0, \"button_text\": \"button\", \"content_type\": 30, \"show_in_menus\": false, \"path\": \"000100010001\", \"url_path\": \"/home/section1/\", \"expired\": false, \"pk\": 4, \"main_image\": 1, \"locked\": false, \"depth\": 3, \"first_published_at\": \"2018-02-03T20:07:00.142Z\", \"expire_at\": null}", "approved_go_live_at": null}}, {"model": "wagtailcore.pagerevision", "pk": 12, "fields": {"page": 4, "submitted_for_moderation": false, "created_at": "2018-02-06T16:30:43.656Z", "user": 1, "content_json": "{\"orientation\": \"right\", \"sectionBackgroundSelector\": null, \"search_description\": \"\", \"owner\": 1, \"latest_revision_created_at\": \"2018-02-06T03:34:58.201Z\", \"go_live_at\": null, \"related_links\": [], \"title\": \"Web Development\", \"seo_title\": \"\", \"streamBody\": \"[]\", \"slug\": \"section1\", \"advert\": null, \"live\": true, \"has_unpublished_changes\": false, \"body\": \"<p>Integer scelerisque arcu at nulla vulputate interdum. In finibus turpis sed tempus congue. Vivamus feugiat faucibus massa quis consectetur. Suspendisse pulvinar auctor eros et aliquet. Nulla scelerisque neque in odio lacinia vulputate. Vivamus consectetur orci tempus, condimentum arcu sed, posuere mi. Ut interdum neque sit amet mi ultricies, vel aliquam elit lobortis. Sed viverra tellus et vehicula aliquet. Vestibulum fringilla lorem massa, id laoreet enim semper eu. Fusce semper mi et sapien sagittis, et tempus augue congue. Aliquam erat volutpat. Mauris lacinia sed justo id porttitor. Mauris vitae urna id nulla iaculis aliquam at a velit. Nullam dignissim velit id risus vehicula auctor. Cras posuere laoreet eros. Integer aliquam sodales laoreet.</p>\", \"link_page\": null, \"sectionClassName\": \"web-dev-section\", \"numchild\": 0, \"button_text\": \"button\", \"content_type\": 30, \"show_in_menus\": false, \"path\": \"000100010001\", \"url_path\": \"/home/section1/\", \"expired\": false, \"pk\": 4, \"main_image\": 1, \"locked\": false, \"depth\": 3, \"first_published_at\": \"2018-02-03T20:07:00.142Z\", \"expire_at\": null}", "approved_go_live_at": null}}, {"model": "wagtailcore.pagerevision", "pk": 13, "fields": {"page": 4, "submitted_for_moderation": false, "created_at": "2018-02-06T16:33:54.967Z", "user": 1, "content_json": "{\"orientation\": \"right\", \"sectionBackgroundSelector\": null, \"search_description\": \"\", \"owner\": 1, \"latest_revision_created_at\": \"2018-02-06T16:30:43.656Z\", \"go_live_at\": null, \"related_links\": [], \"title\": \"Web Development\", \"seo_title\": \"\", \"streamBody\": \"[]\", \"slug\": \"section1\", \"advert\": null, \"live\": true, \"has_unpublished_changes\": false, \"body\": \"<p>Integer scelerisque arcu at nulla vulputate interdum. In finibus turpis sed tempus congue. Vivamus feugiat faucibus massa quis consectetur. Suspendisse pulvinar auctor eros et aliquet. Nulla scelerisque neque in odio lacinia vulputate. Vivamus consectetur orci tempus, condimentum arcu sed, posuere mi. Ut interdum neque sit amet mi ultricies, vel aliquam elit lobortis. Sed viverra tellus et vehicula aliquet. Vestibulum fringilla lorem massa, id laoreet enim semper eu. Fusce semper mi et sapien sagittis, et tempus augue congue. Aliquam erat volutpat. Mauris lacinia sed justo id porttitor. Mauris vitae urna id nulla iaculis aliquam at a velit. Nullam dignissim velit id risus vehicula auctor. Cras posuere laoreet eros. Integer aliquam sodales laoreet.</p>\", \"link_page\": null, \"sectionClassName\": \"web-dev-section\", \"numchild\": 0, \"button_text\": \"button\", \"content_type\": 30, \"show_in_menus\": false, \"path\": \"000100010001\", \"url_path\": \"/home/section1/\", \"expired\": false, \"pk\": 4, \"main_image\": 1, \"locked\": false, \"depth\": 3, \"first_published_at\": \"2018-02-03T20:07:00.142Z\", \"expire_at\": null}", "approved_go_live_at": null}}, {"model": "wagtailcore.page", "pk": 1, "fields": {"path": "0001", "depth": 1, "numchild": 1, "title": "Root", "slug": "root", "content_type": 1, "live": true, "has_unpublished_changes": false, "url_path": "/", "owner": null, "seo_title": "", "show_in_menus": false, "search_description": "", "go_live_at": null, "expire_at": null, "expired": false, "locked": false, "first_published_at": null, "latest_revision_created_at": null}}, {"model": "wagtailcore.page", "pk": 3, "fields": {"path": "00010001", "depth": 2, "numchild": 3, "title": "Homepage", "slug": "home", "content_type": 2, "live": true, "has_unpublished_changes": false, "url_path": "/home/", "owner": null, "seo_title": "", "show_in_menus": false, "search_description": "", "go_live_at": null, "expire_at": null, "expired": false, "locked": false, "first_published_at": "2018-02-05T02:46:28.468Z", "latest_revision_created_at": "2018-02-05T02:46:28.267Z"}}, {"model": "wagtailcore.page", "pk": 4, "fields": {"path": "000100010001", "depth": 3, "numchild": 0, "title": "Web Development", "slug": "section1", "content_type": 30, "live": true, "has_unpublished_changes": false, "url_path": "/home/section1/", "owner": 1, "seo_title": "", "show_in_menus": false, "search_description": "", "go_live_at": null, "expire_at": null, "expired": false, "locked": false, "first_published_at": "2018-02-03T20:07:00.142Z", "latest_revision_created_at": "2018-02-06T16:33:54.967Z"}}, {"model": "wagtailcore.page", "pk": 5, "fields": {"path": "000100010002", "depth": 3, "numchild": 0, "title": "Section2", "slug": "section2", "content_type": 30, "live": true, "has_unpublished_changes": false, "url_path": "/home/section2/", "owner": 1, "seo_title": "", "show_in_menus": false, "search_description": "", "go_live_at": null, "expire_at": null, "expired": false, "locked": false, "first_published_at": "2018-02-03T20:07:14.773Z", "latest_revision_created_at": "2018-02-05T03:14:24.043Z"}}, {"model": "wagtailcore.page", "pk": 6, "fields": {"path": "000100010003", "depth": 3, "numchild": 0, "title": "Design", "slug": "section3", "content_type": 30, "live": true, "has_unpublished_changes": false, "url_path": "/home/section3/", "owner": 1, "seo_title": "", "show_in_menus": false, "search_description": "", "go_live_at": null, "expire_at": null, "expired": false, "locked": false, "first_published_at": "2018-02-03T20:07:46.430Z", "latest_revision_created_at": "2018-02-06T01:54:35.390Z"}}, {"model": "wagtailimages.image", "pk": 1, "fields": {"collection": 1, "title": "sawyer-bengtson-256255.jpg", "file": "original_images/sawyer-bengtson-256255.jpg", "width": 5472, "height": 3648, "created_at": "2018-02-06T03:34:26.484Z", "uploaded_by_user": 1, "focal_point_x": null, "focal_point_y": null, "focal_point_width": null, "focal_point_height": null, "file_size": 4741969}}, {"model": "wagtaildocs.document", "pk": 1, "fields": {"collection": 1, "title": "Document upload", "file": "documents/openBooklet.pdf", "created_at": "2018-02-06T15:21:54.258Z", "uploaded_by_user": 1}}, {"model": "wagtaildocs.document", "pk": 2, "fields": {"collection": 1, "title": "untitled.svg", "file": "documents/untitled.svg", "created_at": "2018-02-06T15:24:35.126Z", "uploaded_by_user": 1}}, {"model": "home.homepagesection", "pk": 4, "fields": {"main_image": 1, "orientation": "right", "link_page": null, "button_text": "button", "sectionClassName": "web-dev-section", "body": "<p>Integer scelerisque arcu at nulla vulputate interdum. In finibus turpis sed tempus congue. Vivamus feugiat faucibus massa quis consectetur. Suspendisse pulvinar auctor eros et aliquet. Nulla scelerisque neque in odio lacinia vulputate. Vivamus consectetur orci tempus, condimentum arcu sed, posuere mi. Ut interdum neque sit amet mi ultricies, vel aliquam elit lobortis. Sed viverra tellus et vehicula aliquet. Vestibulum fringilla lorem massa, id laoreet enim semper eu. Fusce semper mi et sapien sagittis, et tempus augue congue. Aliquam erat volutpat. Mauris lacinia sed justo id porttitor. Mauris vitae urna id nulla iaculis aliquam at a velit. Nullam dignissim velit id risus vehicula auctor. Cras posuere laoreet eros. Integer aliquam sodales laoreet.</p>", "streamBody": "[]", "sectionBackgroundSelector": null}}, {"model": "home.homepagesection", "pk": 5, "fields": {"main_image": null, "orientation": "left", "link_page": null, "button_text": "button", "sectionClassName": "home-page-section", "body": "<p><p>Vestibulum metus dolor, elementum a malesuada eu, tincidunt et dolor. Vivamus nec justo sodales, vestibulum sapien quis, blandit massa. In magna sapien, molestie nec purus scelerisque, rhoncus consequat sem. Etiam magna ex, condimentum eu purus at, accumsan rutrum ligula. Donec dapibus magna at consectetur fermentum. Proin ullamcorper metus neque, vel blandit risus aliquam a. Vestibulum vitae pellentesque nibh, vitae tincidunt turpis. Aenean venenatis maximus velit ac pellentesque. Curabitur non sodales diam. Curabitur ultrices quis lacus in maximus.</p><p>Integer scelerisque arcu at nulla vulputate interdum. In finibus turpis sed tempus congue. Vivamus feugiat faucibus massa quis consectetur. Suspendisse pulvinar auctor eros et aliquet. Nulla scelerisque neque in odio lacinia vulputate. Vivamus consectetur orci tempus, condimentum arcu sed, posuere mi. Ut interdum neque sit amet mi ultricies, vel aliquam elit lobortis. Sed viverra tellus et vehicula aliquet. Vestibulum fringilla lorem massa, id laoreet enim semper eu. Fusce semper mi et sapien sagittis, et tempus augue congue. Aliquam erat volutpat. Mauris lacinia sed justo id porttitor. Mauris vitae urna id nulla iaculis aliquam at a velit. Nullam dignissim velit id risus vehicula auctor. Cras posuere laoreet eros. Integer aliquam sodales laoreet.</p><p><br/></p></p>", "streamBody": "[]", "sectionBackgroundSelector": null}}, {"model": "home.homepagesection", "pk": 6, "fields": {"main_image": null, "orientation": "right", "link_page": null, "button_text": "button", "sectionClassName": "design-section", "body": "<p>Integer scelerisque arcu at nulla vulputate interdum. In finibus turpis sed tempus congue. Vivamus feugiat faucibus massa quis consectetur. Suspendisse pulvinar auctor eros et aliquet. Nulla scelerisque neque in odio lacinia vulputate. Vivamus consectetur orci tempus, condimentum arcu sed, posuere mi. Ut interdum neque sit amet mi ultricies, vel aliquam elit lobortis. Sed viverra tellus et vehicula aliquet. Vestibulum fringilla lorem massa, id laoreet enim semper eu. Fusce semper mi et sapien sagittis, et tempus augue congue. Aliquam erat volutpat. Mauris lacinia sed justo id porttitor. Mauris vitae urna id nulla iaculis aliquam at a velit. Nullam dignissim velit id risus vehicula auctor. Cras posuere laoreet eros. Integer aliquam sodales laoreet.</p>", "streamBody": "[]", "sectionBackgroundSelector": null}}, {"model": "home.homepage", "pk": 3, "fields": {"main_image": null, "heading": "Omar Rahman", "intro": "Web Developer, Designer, Illustrator", "body": "<p>Body of the homepage</p>"}}]